state,year,exp_amo,dem_comm_exp,rep_comm_exp,dem_adv_exp,rep_adv_exp,dem_research_exp,rep_research_exp,dem_others_exp,rep_others_exp,dem_logistics_exp,rep_logistic_exp,dem_exp,rep_exp,votes_dem_perc,votes_gop_perc,white_pop,black_pop,other_pop
AK,2012,2770679.4300000025,0.00125,0.18734546,0.16890027,2.39073702,0.0,0.00129657,8.334e-05,0.01654261,0.0,0.00452416,20.53575551999955,2.6004458200000022,40.81265911246443,54.801577397294466,2.03051,0.18547,0.85627
AK,2016,36118248.7700023,1.19059408,0.054232129999999996,18.30424069999999,15.435947340000006,0.28161284,0.0225,0.5600959000000013,0.13227215,0.05603669000000011,0.08071693999999999,20.392580209999554,15.725668560000003,36.04137265096932,50.566676570353316,1.9621,0.1868,0.91427
AK,2020,29594219.040000003,0.5927412,0.05329567000000001,16.01735888,0.10932248,0.001,0.0,0.00075205,0.0,0.0009479299999999999,0.0,0.0033869000000000004,8.18e-06,39.199327449367054,48.52279057407001,0.0,0.0,0.0
AL,2012,7077524.290000002,0.68500779,0.12158129000000001,3.06078805,2.9250830199999998,0.0,0.06430698000000001,0.08999850000000001,0.008586680000000001,0.12217198000000001,0.0,3.957966320000001,3.11955797,38.43286627932531,60.66236047669165,33.71064,12.75628,1.68896
AL,2016,1835096.7300000004,0.0,0.12522167,0.60944029,1.0751101399999998,0.0,0.0,0.0,0.02293463,0.0,0.0023899999999999998,0.60944029,1.2256564399999998,34.3580266623716,62.08300307954301,33.74106,13.01635,1.87784
AL,2020,28085542.630000018,0.7470575399999999,0.76909422,15.782765570000004,9.531822239999999,0.031117879999999997,0.08524487,0.13060526000000003,0.49614637000000006,0.43729066999999994,0.07439801,14.181629570000005,6.0264696,36.570676932506466,62.03096968799606,33.89396,13.13291,2.00498
AR,2012,7045185.860000133,0.47023847999999996,0.16653457,4.262138100000001,1.7814586999999988,0.202985,0.015,0.13056432000000054,0.0026429399999999994,0.013110459999999977,0.00051329,5.079036360000133,1.9661494999999998,36.87899030172011,60.56693608410911,23.6188,4.59418,1.30866
AR,2016,41072034.52000002,0.33477413,0.5950794000000001,16.55225392,22.965697980000005,0.0,0.07415,0.00196779,0.33403399999999955,0.0,0.2140772999999999,16.88899584,24.183038680000067,33.6751347026629,60.61372020079724,23.72809,4.69025,1.48084
AR,2020,7448990.950000003,0.17408342000000002,0.20157111999999994,4.408192369999999,2.5037312800000002,0.0,0.0,0.005,0.0,0.15641276,0.0,0.87540478,0.7922928200000002,34.77506195301496,62.39572985614432,23.85258,4.73048,1.59498
AZ,2012,44169823.729999945,0.28122119,1.5851393400000005,21.71047273,19.664587739999995,0.0,0.25112982000000006,0.07568746000000004,0.19470067,0.38040362999999994,0.026481150000000002,22.447785010000008,21.72203872,44.58976694179938,53.654533165974705,55.1886,2.98261,7.37857
AZ,2016,32215755.449999984,0.91044913,0.8085027799999998,17.912316209999993,12.2629402,0.016049410000000004,0.19933700000000004,0.02740337,0.045571679999999996,0.029634180000000003,0.00355149,18.89585229999999,13.319903149999998,44.17172989809629,47.64234489621707,57.73622,3.40938,8.26512
AZ,2020,173746258.8900001,3.4474290500000007,1.6526643099999994,79.36945086,78.53223397000004,5.68856907,0.09411719,1.38772928,1.68598631,1.7371718100000004,0.1508875,35.80695037999996,32.88897867999998,49.364690614366616,49.055981030464736,60.13442,3.76997,8.88278
CA,2012,56153281.07999995,3.7819409399999993,2.24438061,27.34195869,21.247610189999996,0.10676413000000001,0.36455525000000005,0.17207792,0.047472579999999986,0.6468892500000001,0.14756053999999993,32.04963092999998,24.051579170000014,60.23895914168964,37.1203785207048,279.87654,25.04171,74.56975
CA,2016,60649670.919999965,3.165883599999998,1.24036231,38.31026218,16.353216929999988,0.31879904000000003,0.31645741000000005,0.18455021000000005,0.21987548999999995,0.36252915,0.15681183,42.34202418000005,18.286723970000008,61.726399604557876,31.617106538439437,284.84043,25.37131,81.45943
CA,2020,149170829.75000095,8.154231010000007,1.9660508499999998,111.35844156000005,23.350977140000012,0.5568799099999999,0.075,0.9249398699999899,0.98695288,1.789493849999997,0.00786268,60.43239634999929,8.540893509999998,63.499220903450215,34.327807888313984,284.24739,25.52757,85.34727
CO,2012,46577254.97999872,0.88527947,0.8208989699999997,20.950472490000003,19.86970375,0.24831923000000006,0.09645697,1.5777360299999583,0.51165831,1.4296386999999848,0.08647015,25.091445919999817,21.385188149999987,51.49421010370086,46.1249477953789,45.7708,2.25384,3.90183
CO,2016,92461728.77000007,3.4648744199999997,2.092110639999999,42.33918132000001,37.70258956,2.49545458,0.26316674,2.3093339999999976,0.4029841599999998,1.12578914,0.26624421000000004,51.73463346000004,40.72709530999999,48.1569803828474,43.25139737143104,48.42319,2.50138,4.46758
CO,2020,63829142.780000046,2.301061189999999,0.5200480900000001,31.42139274000005,28.226102980000007,0.1401317600000001,0.65218935,0.27521084999999995,0.13567303999999997,0.11583778,0.04149500000000001,11.40439165999998,3.3806584500000003,55.400001166734675,41.89827117554352,50.06612,2.64479,4.87645
CT,2012,18448011.220000006,0.4246850599999999,0.21298681999999994,13.630292749999999,3.68684336,0.18991,0.0,0.19263927,0.00020393,0.05316032,0.05728971,14.490687400000002,3.957323819999999,58.14462568754096,40.70372894176565,29.44177,4.02512,2.47858
CT,2016,887416.64,0.00013704,0.02830363,0.6663726699999999,0.18401939,0.00211971,0.0,0.000165,0.00584328,0.00045591999999999996,0.0,0.6692503399999998,0.21816629999999998,54.56630109670987,40.92691437881478,28.86999,4.18863,2.72279
CT,2020,863892.8200000001,0.020786139999999998,0.08618672000000002,0.62130226,0.11020000000000002,0.01607124,0.0,0.0,0.0,0.00832053,0.0,0.09573525999999999,0.0,59.23871335540597,39.20949634924463,28.41541,4.34585,2.89161
DC,2012,4855708.8900000015,0.11290693000000002,0.051939389999999995,2.8337864099999983,1.3880030799999998,0.06945044,0.0,0.13177114000000004,0.0060298,0.26182170000000005,0.0,3.409736619999997,0.0,90.91311392818726,7.2782914176005225,0.0,0.0,0.0
DC,2016,6076800.300000005,0.6819918500000001,0.02778087,3.9325424999999976,0.26820396999999996,0.41255649999999994,0.0,0.32404069,0.009002580000000001,0.39214361999999997,0.00177472,0.0,0.0,90.86382152999987,4.087474459308377,0.0,0.0,0.0
DC,2020,2677007777.3300047,4.522052850000005,0.69087701,1741.807651360001,911.85129216,1.2567454099999997,0.0,16.96716202999999,-0.107075,0.01907151,0.0,0.0021452199999999998,912.43509417,92.14969392140692,5.397321376714795,0.0,0.0,0.0
DE,2012,1121488.4000000004,0.135,0.03785905,0.65279256,0.25716982,0.0,4.642e-05,9.886000000000001e-05,0.018929059999999994,0.019592629999999996,0.0,0.8074840500000001,0.31400435000000004,58.60408709537925,39.97806429480815,6.52811,2.02425,0.59943
DE,2016,235236.56,0.0,0.009594430000000001,0.082925,0.01546189,0.0,0.0,0.0,0.0014778999999999999,0.12577734,0.0,0.0,0.02653422,53.183881606421714,41.789673519233766,6.65087,2.15073,0.68761
DE,2020,2812345.5599999996,0.05088032,0.022000000000000006,1.3633689400000002,1.2522956,0.02,0.0,0.0954689,0.0,0.0083318,0.0,0.86433032,1.2303455999999997,58.78216702049563,39.80139282950735,6.74075,2.25544,0.74145
FL,2012,83526550.64000072,3.33576603,5.982590449999999,30.233657920000017,38.87571639,0.8400301300000013,0.219425,0.8668043699999997,0.6530034700000003,0.8018672499999997,0.12944505999999995,36.07812569999976,45.86018036999998,50.00786506869869,49.13097776197552,150.93632,32.1952,9.8467
FL,2016,136648930.29000798,5.484627759999999,5.7312134599999975,53.23826721000005,65.62198422999997,0.39597293999999994,0.84576506,0.4949850999999752,1.9605471399999996,2.4137757100000012,0.46179168000000037,62.02762872000484,74.62130156999996,47.82331580580505,49.021941416590735,160.02588,34.72527,11.38362
FL,2020,164217648.53999996,4.743803419999999,1.9169618600000002,94.38609944,54.68632979000002,4.067849300000001,0.160586,0.45284218000000015,0.8323602600000003,2.8864059400000013,0.08053945000000001,79.61921305,46.09645946999997,47.86145072544223,51.21981962250403,165.97392,36.33515,12.4683
GA,2012,12816655.589999994,0.34282006,0.43834819999999997,4.65812603,7.21242149,0.0,0.16371399999999997,0.0,0.00042581,0.0,0.0008000000000000001,5.000946089999998,7.815709499999998,45.48216048512199,53.29900898706427,62.04819,30.99388,5.97223
GA,2016,34602608.35000001,0.23906691,1.37823647,14.640068760000002,17.731728840000002,0.033415070000000005,0.15628165,0.00932049,0.3526684799999999,1e-05,0.06181168000000001,14.921881229999997,19.680727120000004,45.64021628736502,50.771585173296494,63.05959,32.98868,6.97063
GA,2020,532095266.599999,14.65339784999997,13.478513220000057,175.12956279000022,286.1276214800001,16.596021270000016,8.760790810000001,2.497820010000001,10.016078389999999,3.206911470000013,1.6285493100000008,14.56650829000004,13.412713570000006,49.49526943907977,49.25958177695571,63.91505,34.58147,7.67771
HI,2012,4950821.060000002,0.3541772,0.04094772,3.1583400600000004,1.3645725199999998,0.00284208,0.015,0.0048197,0.00110049,0.00902129,0.0,3.52920033,1.4216207299999999,70.53228655454251,27.851485764161566,3.58617,0.26509,10.09589
HI,2016,2111737.5,0.09341576000000001,0.010906170000000001,1.6598736299999999,0.10128241,0.0,0.0,0.045968930000000005,0.00225158,0.19803902,0.0,1.9972973399999998,0.0,62.22149173421738,30.03867700851174,3.71631,0.30736,10.25104
HI,2020,2263494.8899999997,0.00502417,0.0,2.2584707200000005,0.0,0.0,0.0,0.0,0.0,0.0,0.0,0.0,0.0,63.73363923901899,34.26886394217965,3.61293,0.30958,10.23535
IA,2012,19104944.78,0.8598893900000001,0.40997372,8.69127288,8.62941608,0.0009375,0.14316233,0.07728778999999998,0.26075791000000004,0.012112620000000003,0.01905106000000001,9.641500180000003,9.462361099999999,51.98801653414908,46.17786851053609,28.49444,0.97459,1.29287
IA,2016,122531865.9600002,4.407376519999997,3.7647469399999993,45.55830987000002,63.621703270000076,0.09306943000000001,0.5236176800000001,1.0124882099999988,0.5143779900000001,0.1501773,2.8628782900000003,51.2214213300003,71.28732416999993,41.740489172947406,51.14732722404601,28.60458,1.16268,1.54645
IA,2020,224377327.3699998,5.48339405,2.4993492999999765,123.2190096800001,86.63528525999999,3.88203833,0.08986300000000001,0.32440924000000004,0.6525515900000001,1.4426696900000004,0.14875723000000002,8.594800770000013,0.5606879899999999,44.89171557144218,53.089324969202266,28.5908,1.28105,1.67885
ID,2012,451191.02,0.0,0.09830952999999999,0.10898072,0.24383353,0.0,0.0,0.0,6.724e-05,0.0,0.0,0.10898072,0.3422103,32.62233355920978,64.52978349589283,14.97593,0.11835,0.85896
ID,2016,1343189.5299999998,0.0,0.13236305,0.5710694700000002,0.59609888,0.0,0.019001,0.000525,0.0034278499999999996,0.0,0.02070428,0.55837447,0.5711271899999999,27.484926126068714,59.24615422495738,15.69732,0.1448,0.98168
ID,2020,651695.07,0.0,0.0012660000000000002,0.0,0.6476118699999999,0.0,0.0,0.0,0.0028172000000000006,0.0,0.0,0.0,0.5640162999999999,33.062935935169136,63.83075780003571,16.62365,0.16346,1.08354
IL,2012,69172182.69999993,2.0401467800000006,3.3334693900000003,30.83515751,31.44762061999998,0.1699359,0.35764745000000014,0.05526107000000002,0.26843305,0.5337701500000002,0.13074077999999992,33.63427141,35.537911290000004,57.60348698589879,40.73152226934898,100.26424,19.01172,9.54914
IL,2016,47014358.610000774,0.66350171,1.4866110500000005,20.223875780000007,23.872282510000012,0.00638912,0.30186498,0.16656760000000104,0.22895390999999998,0.013383779999999951,0.041442599999999996,21.073717989999825,25.931155050000005,55.601581446908426,38.60637015046844,98.97625,18.79042,10.4386
IL,2020,42352813.41000001,1.663684120000001,1.0670204299999995,30.00799277,8.52316202,0.060892089999999996,0.024087499999999998,0.10215034000000003,0.13823467999999997,0.7170521399999998,0.048537319999999995,18.568352589999986,4.627156420000001,57.492982935492684,40.5191551371536,97.26915,18.52516,10.9239
IN,2012,36838810.99,0.9611206999999999,2.21434523,15.907518250000004,16.93113751,0.02815,0.10768858999999999,0.050399820000000005,0.5413459700000001,0.02457306,0.07253186,16.97176183,19.867049160000008,43.92730290405839,54.12553238022445,56.54491,6.16675,2.66537
IN,2016,58266470.210000195,1.0919373299999997,2.4585580199999986,28.10278264,25.622212550000008,0.03442417,0.018,0.0577695799999999,0.6412409099999998,0.002281360000000001,0.23726364999999994,0.0,28.977275130000002,37.774839686752046,56.94003344841127,56.7832,6.42941,3.13043
IN,2020,78092103.94999994,1.9953174100000002,1.36007012,42.22289989,30.592528929999972,1.5267084000000002,0.247608,0.00225,0.05390235,0.07270599999999999,0.01811285,36.930306739999985,27.00295941999998,40.96320121535093,57.03063235568532,57.09592,6.69596,3.53031
KS,2012,983293.2000000002,0.0028174800000000002,0.06048627000000001,0.17687698000000002,0.74298765,0.0,0.0,0.0,0.00012482,0.0,0.0,7.44853694,0.8035987400000001,38.04596567882144,59.65895036903656,25.17824,1.77628,1.89805
KS,2016,21444284.690000005,0.37099113000000006,0.8115416599999999,10.730397699999996,2.1220580400000006,0.047545000000000004,0.046295,0.005059,0.034664919999999995,0.0,0.05200468,11.15399283,3.0665643,36.052340292957716,56.65453397196731,25.20984,1.79604,2.10256
KS,2020,76485848.59999998,1.2972224100000003,2.346480919999998,37.72681992000001,33.59992749000001,0.0027565,0.57808,0.13659341999999997,0.39089967000000003,0.37586206,0.031206209999999998,10.801834859999985,3.5060166600000007,41.3961663259401,56.17357270887626,25.13846,1.78725,2.20743
KY,2012,11980967.829999993,0.05591803000000001,0.4288163800000002,3.44872581,7.899013479999997,0.0,0.14159379,0.00012041,0.00677993,0.0,0.0,3.50476425,8.476203580000002,37.8013278344458,60.49314159932162,38.88889,3.53253,1.44204
KY,2016,33595271.33000007,0.5835186699999999,1.54288371,9.655604990000006,20.99750401999999,0.09167841,0.04149968000000001,0.36924778000003694,0.13012593999999997,0.07672908000000044,0.10647905,10.776778929998002,22.818492400000014,32.68218833364776,62.51963855190009,39.03401,3.67506,1.67275
KY,2020,35941604.03999994,2.35613517,0.30063629000000003,16.193503929999636,14.737134760000007,0.17123759,0.0008500000000000001,0.25972659,0.11422299,0.016112730000000002,0.04198900000000001,3.552725999999999,1.2185041200000002,36.151514811154044,62.086571869290445,39.09923,3.78479,1.79271
LA,2012,3249855.5500000007,0.28891186,0.6443423500000002,0.93261571,1.16748115,0.0,0.125,0.00328632,0.08138698,0.0,0.006831180000000001,1.22481389,2.0250416600000003,40.57746362330215,57.784575728474245,29.2957,14.91445,1.79957
LA,2016,32004491.980000153,0.6065273,1.0700913499999993,14.89205722,14.375083470000002,0.06129147,0.13952249,0.06355652,0.5627542100000078,0.06066,0.16694795000000034,15.684092509999997,16.31439946999999,38.44956609851397,58.0886846535688,29.55059,15.2463,1.98446
LA,2020,1746344.01,0.0,0.02316150000000001,0.28649,1.401196309999999,0.0,0.0,0.0,0.035496200000000006,0.0,0.0,0.0,0.00403428,39.85145680152621,58.46088241400854,29.18843,15.24733,2.05218
MA,2012,15476234.739999589,1.4749258100000002,2.199689699999999,5.988170440000001,4.805180460000001,0.0,0.0425,0.3047414599999839,0.00800526,0.653021610000002,0.0,8.42085932000031,7.055375420000002,60.65124107928393,37.512670597300875,55.59165,5.35191,5.68649
MA,2016,10948599.920000004,0.5856474700000001,0.57058392,3.366231800000001,5.426817989999999,0.01817536,0.0,0.046000420000000014,0.01090333,0.91347025,0.01076938,4.9295253000000026,6.019074620000002,60.930294345338524,33.31423659092609,55.76223,5.89701,6.57684
MA,2020,14729941.760000004,1.0474267099999999,0.23017733,9.631583620000008,3.4013016,0.009000000000000001,0.0,0.0069004,0.14722711,0.05491125,0.20141374,0.60696958,0.30632775,65.6000630059685,32.141911030505575,55.54165,6.21902,7.16436
MD,2012,4564119.4399999995,0.17999458000000002,0.22369752,2.93253846,1.1522282200000002,0.00028263999999999996,0.0265,0.00674388,0.009578860000000002,3.391e-05,0.0,3.11959347,1.4120046,61.97419077931849,35.89773233894539,35.74008,17.74916,5.38068
MD,2016,12046911.019999992,0.5322870199999998,0.8026429600000001,6.3024341,3.54912223,0.43630707,0.0,0.01992777,0.0094288,0.39476106999999994,0.0,0.0,0.0,60.32574423519277,33.90930472854767,35.65668,18.41676,5.95979
MD,2020,1556515.49,0.16108878000000007,0.15165411,0.07843253,0.46404,0.0,0.29620831000000003,0.0,0.13255554,0.0,0.0,0.07808731,0.97845796,65.36066486007711,32.15029156774875,35.39444,18.78645,6.27591
ME,2012,6172482.720000002,0.02476,0.02541326,1.9863781299999999,0.39968048,0.0,0.025,0.0,0.00325256,0.0,0.0,2.01113813,0.45334630000000004,56.22030456566863,41.03750602005841,12.65573,0.17714,0.44442
ME,2016,13767282.420000002,0.5354427100000001,0.10864582,7.361769919999997,5.547531339999999,0.0,0.19900492,0.00611466,0.00385243,2.192e-05,0.004898700000000001,7.90334921,5.863933209999999,47.68093168678699,45.02305962435193,12.61844,0.20637,0.48836
ME,2020,125649446.56999993,3.111070929999999,0.8004724000000002,62.0562364099999,52.948881249999985,4.07643934,0.0,0.2758024900000002,0.15524243,1.1655207,0.0907875,8.782369270000006,2.79361002,52.90055791776243,44.22776316759653,12.69326,0.22691,0.52195
MI,2012,28274064.810000055,1.40802256,1.5857571400000006,10.983492999999996,13.752201269999976,0.11916778,0.1543558,0.11695430999999962,0.043342940000000024,0.052681220000000015,0.05808879000000003,12.680318870000093,15.593745940000005,54.20820421051875,44.710916027420225,79.28676,14.14844,5.53625
MI,2016,40514178.779998295,3.0299878299999996,0.21526125000000004,20.54782048,14.29937293,0.8288623500000004,0.171042,0.610491470000049,0.28232602,0.36679292999999835,0.16222151999999998,25.383955059998296,15.130223720000018,47.27453095086684,47.49756421999615,79.17934,14.08599,6.24038
MI,2020,156065744.08000004,5.250496360000002,2.369545469999999,76.86036748000004,62.40065605000003,3.548379810000002,0.46360425000000005,1.8970570399999998,2.03532102,1.0447066,0.13051000000000001,20.590561589999997,12.547030629999984,50.62081829082437,47.83729069113762,79.11567,14.0789,6.674
MN,2012,11009879.60999994,0.37415387999999994,0.14640538,5.447616029999998,1.1509485700000004,0.07232589,0.0,0.07245256000000005,0.00935208000000001,0.2757148000000002,0.01693,6.242263159999965,1.3236360299999996,52.652303153246265,44.95820110666865,46.46105,3.0071,4.29828
MN,2016,48677548.26000001,1.2109642800000002,0.11831169,25.975830720000005,2.81610356,0.00214174,0.14083189000000002,0.03646716999999999,0.0772483,2.192e-05,0.0015447999999999998,27.225425830000013,3.1540402400000005,46.44491857377701,44.92478809350543,46.85535,3.53124,4.84085
MN,2020,65036700.21000007,1.29971587,0.32463574000000006,31.89288638,8.217712789999997,0.82988426,0.0,0.17814204999999994,0.28816072,0.014030229999999994,0.01339114,17.297991399999994,3.95721903,52.39509930974002,45.284942409169375,47.23931,3.95556,5.20145
MO,2012,22196457.590000562,0.60687834,0.8452829500000001,13.896979540000007,5.605342190000001,0.061982929999999985,0.047066,0.19766995000000126,0.14898691,0.6358349899999994,0.15043379000000004,15.399345750000567,6.797111839999998,44.38366060859271,53.76395562054639,50.49542,7.07299,2.67526
MO,2016,43472478.71000003,0.6384795999999999,2.479269710000001,21.73972038,17.809746380000004,0.0012408500000000002,0.04246975,0.13327683999999843,0.49911632999999994,0.04760697999999994,0.08155188999999996,0.0,20.912154059999995,38.15185754979463,56.79710021546773,50.67791,7.20019,2.99325
MO,2020,88574779.36000001,0.18880926999999995,0.9154563100000005,42.933885800000006,43.692941870000006,0.5768290899999999,0.08005937999999999,0.00225,0.12665664,0.00031499999999999996,0.05757600000000001,35.75510011000001,40.87456807000002,41.40878173618836,56.79965577888949,50.86188,7.25579,3.25661
MS,2012,5070140.88,0.20967977,0.10924019,2.20418001,2.4914113799999997,0.0,0.0405,0.015,0.00012953,0.0,0.0,2.4288597800000002,2.6412811,43.78935954398935,55.285846743581125,17.90197,11.14071,0.79548
MS,2016,10220194.09,0.28996335,0.7668676700000001,5.274346389999996,3.4713199599999993,0.0035,0.0,0.06024155,0.27500891,0.00045689,0.07848936999999997,5.628508180000001,4.591685909999999,40.1147882717841,57.94103808883564,17.73354,11.26424,0.8816
MS,2020,10448087.199999997,0.44823399999999997,0.6460954200000002,3.6900473999999996,5.1177213,0.47962900999999997,0.0,0.00645,0.0,0.00907257,0.0508375,4.19694966,5.7180376399999995,41.01330770435637,57.54080436260339,17.58081,11.24559,0.93509
MT,2012,22251580.530000016,0.80703034,0.16737877999999995,10.470873979999995,10.617031280000004,0.041800000000000004,0.0,0.03453705,0.10463010000000002,0.008298999999999999,0.0,0.0,10.889040159999992,41.708132547548004,55.36480331947464,9.00098,0.0545,0.98235
MT,2016,1748669.2899999998,5.88e-05,0.05902348999999999,1.1579647,0.52027842,0.0,0.009,0.0,0.0016322799999999998,0.0,0.0,1.1580235,0.58993419,35.745765337013,56.16849744642933,9.27814,0.05935,1.0711
MT,2020,167818763.59000012,3.93714532,3.0907363500000007,77.9036168,76.67303138000001,3.927601239999999,0.8264247400000002,0.3294505300000001,0.6212338999999998,0.28453098999999993,0.20694733999999998,17.08606074,26.47496448000001,40.41040033016921,56.72340074288073,9.50211,0.06389,1.12178
NC,2012,14816579.969999999,0.35008454,0.4703418999999998,6.38320943,7.452446789999998,4e-05,0.15741647,2.472e-05,0.00281612,0.0,0.0002,6.733358689999999,8.083221280000002,48.350968577067555,50.39306410214295,70.0649,21.47706,5.9528
NC,2016,129726370.4300004,4.33968215,4.394809859999997,63.70005956999999,50.86521970000001,3.17325605,0.43236125999999997,0.7705010000000141,0.7329613200000042,0.5239075500000041,0.37361197000000024,72.50740632000718,56.798964110000256,46.172866168209474,49.828094696180415,72.10675,22.5393,6.90183
NC,2020,250120818.59000057,4.684562780000001,4.802379550000005,124.11165008000012,108.10758572999993,4.5360575800000005,1.9717727299999996,0.14155949000000007,1.4630876000000004,0.1334753,0.16868775000000003,5.699772589999999,3.9999338099999995,48.586220571564475,49.93434152650928,73.99487,23.30563,7.58034
ND,2012,17602980.879999988,0.38591951999999996,0.16811268999999998,8.809129560000006,7.935953269999997,0.0,0.0265,0.26156486999999995,0.015800969999999998,0.0,0.0,9.456613950000001,8.146366929999997,38.69731088897972,58.31568255855722,6.30565,0.10805,0.59806
ND,2016,197329.70999999996,0.00785088,0.005388979999999999,0.10773685,0.05523211,0.0,0.0,0.02,0.00112089,0.0,0.0,0.13558773000000002,0.061741979999999995,27.226739458706007,62.9556278313393,6.62681,0.2222,0.69533
ND,2020,15706609.289999994,0.10117899,0.06960111000000001,6.921402500000002,8.461439120000001,0.0,0.07815299999999999,0.0,0.0038345700000000003,0.0,0.07100000000000004,7.017581489999999,8.684027799999994,31.756762359080092,65.11404873707572,6.62555,0.25984,0.73523
NE,2012,7826640.649999995,0.030935260000000003,0.4560827,3.4964314499999993,3.7484437799999997,0.02,0.0,0.0010052800000000003,0.07076217000000001,0.0,0.0029800099999999995,3.5483719899999997,4.278268659999998,38.02731441792897,59.80319217904804,16.654,0.88904,0.98999
NE,2016,13976387.120000001,0.00010479,0.5098875,6.333750149999998,6.878251329999999,0.0,0.20669685999999998,0.000705,0.03943681,0.0,0.007554679999999999,6.334559939999999,7.641827180000001,33.70035312081328,58.75013474502687,16.90996,0.96223,1.18397
NE,2020,9816721.72,0.19443459999999996,0.0025453299999999997,4.61486917,4.7492131299999985,0.0027565,0.0,0.05802321000000002,0.0007417,0.19413808000000005,0.0,0.40111033999999923,0.35506612,39.166794753962606,58.224406851258756,17.04129,1.00763,1.29516
NH,2012,15909803.130000003,1.0381333199999998,0.5079652399999999,6.283018809999997,6.801494629999999,0.06523875000000005,0.0765,0.19949407000000008,0.00039785,0.93756046,0.0,8.523445410000008,7.38635772,51.98268186364078,46.406472639398196,12.49139,0.1815,0.56943
NH,2016,176716644.8100001,3.51592903,2.93827762,81.22896447999997,83.45080510000008,0.09200103999999999,0.22991499999999998,1.5688288400000001,1.8902335700000001,1.69592558,0.09439574999999999,88.10164897000011,88.60362703999999,46.82626266969055,46.458666981953414,12.55396,0.2138,0.65531
NH,2020,10098309.25,0.5775445100000001,0.33272296,7.47703885,1.1439353300000001,0.10929519,0.0015499799999999998,0.20687843,0.06526027,0.18408373,0.0,2.19685375,0.05493901,52.82261974317218,45.45504270104298,12.66097,0.24371,0.69243
NJ,2012,4479108.219999999,0.2655474,0.10254722000000001,1.7152458099999999,2.0946697700000003,0.034872,0.015,0.1975,0.00039402,0.0009,0.052432,2.21406521,2.26504301,58.377212597231214,40.58927141009568,65.29804,12.98354,10.16784
NJ,2016,12815014.599999994,2.24501168,0.37881265000000003,7.946486889999999,1.6559973899999998,0.44979419,0.01,0.0022530000000000002,0.0514459,0.06867627999999999,0.006536619999999999,10.71222204,2.10279256,55.453084449694195,41.35038665002945,64.47703,13.23504,10.9962
NJ,2020,75229867.47999999,2.9745630200000006,1.02246607,51.96018019,18.490909800000004,0.5237065000000001,0.00625,0.14238872999999994,0.030288489999999998,0.04190747,0.037207210000000004,35.90732945999997,12.286943120000004,57.14726720847354,41.26155670370976,63.88804,13.37457,11.55929
NM,2012,7997340.469999857,0.47759435999999994,0.09268214,3.915072219999999,2.8944151499999995,0.012,0.041499999999999995,0.2500141700000002,9.083999999999999e-05,0.31397158999999825,0.0,4.968652340000105,3.0286881299999995,52.992760520466774,42.84332663909013,17.3612,0.50201,3.00988
NM,2016,226270.1,0.00011845,0.015688380000000002,0.01191667,0.19525867000000002,0.0,0.0,0.0,0.00328793,0.0,0.0,0.0,0.21423498000000002,48.255647178634106,40.04251433324273,17.21226,0.52473,3.17931
NM,2020,34392789.86999998,0.6593558400000001,0.25368022,17.304451540000013,11.089758810000003,0.03806686,0.0,0.05406984000000002,0.10334051000000004,0.41890572,0.0005,2.76322625,2.1286263599999993,54.289285849572224,43.49666924612945,17.16656,0.54772,3.25401
NV,2012,57186981.51999754,0.6193887900000001,1.22166125,26.41573077000001,25.255294080000002,0.3485365400000002,0.09866699999999999,0.6463783700000092,0.22791092999999996,2.329287850000001,0.02412594,30.359322320000967,26.827659199999996,52.35624947040056,45.67531564126363,21.17644,2.43918,3.82434
NV,2016,124131402.14,1.9267559499999993,2.374104369999999,53.603621500000166,61.068069639999955,0.58591771,0.3830139900000001,0.2368522499999999,0.5766857700000002,2.2438234000000006,1.1325575599999989,58.596970809999995,65.53443132999992,47.91782367811904,45.50069531760242,21.9765,2.80959,4.38954
NV,2020,86105116.8599998,2.2577842600000015,1.6737021600000004,50.943592470000056,27.139399319999992,1.3537013300000003,0.015,0.09184475000000003,0.09104633,2.488658740000003,0.050387499999999995,46.42360034000004,27.109135090000013,50.05678195728403,47.66624732455941,22.77552,3.16303,4.86301
NY,2012,44960095.19000003,2.261881280000002,1.6170278800000006,17.415049310000008,22.21507628999999,0.40061975,0.34545210000000004,0.04621367,0.09507321000000003,0.3082755399999999,0.25500366,20.43203955000002,24.527633139999995,61.232992420621855,31.484290756415568,139.30746,34.25285,22.16901
NY,2016,49426539.79999826,2.346422669999998,0.84474099,26.757388110000008,16.14418943,0.18725264999999996,0.5284365500000001,0.1948437599999996,0.15795390000000004,0.40845697,0.037748460000000005,29.894364160000436,17.713069330000003,59.002826258475174,36.51818397550498,137.73337,34.53356,24.06735
NY,2020,98933373.01999977,4.117538660000001,1.6281237000000008,67.21696643999998,24.43901819,0.09280443000000002,0.03214897,0.3294074200000001,0.22579967000000004,0.5446575499999998,0.19804738,19.41324826000002,10.379650559999998,60.86213129794382,37.72229189068737,135.46776,34.21123,24.85662
OH,2012,70114929.23998874,1.6942723500000014,3.1818141799999995,32.60322488,28.75122495000003,0.15852683,0.14373799999999998,1.1450798000001474,0.5519802500000002,1.7960187400000192,0.08904926000000002,37.3971225999993,32.71780663999999,50.66674765831987,47.68844087842257,96.29012,14.43061,4.7685
OH,2016,54087679.37002068,0.47161058999999983,1.1217418099999998,18.70138273999999,30.506010860000004,1.4871115299999993,0.16108373000000004,0.9806612599998764,0.04797418,0.47968107999999254,0.13042159000000006,22.120447199986454,31.96723216999999,43.55807627672002,51.68765067578619,95.83165,14.93613,5.57592
OH,2020,28579442.010000147,2.6210599500000002,0.9435328999999998,14.681968020000003,8.384196419999999,0.9149666000000002,0.1693195,0.23518110000001075,0.46350046999999983,0.15017647000000015,0.015540580000000002,9.983421540000133,6.679738280000004,45.239338340705025,53.27130010087464,95.52736,15.2557,6.10794
OK,2012,2182259.6699999995,0.03214893,0.18338587,0.6959627899999999,1.2705961,0.0,0.0,0.0,0.00016597999999999998,0.0,0.0,0.0,1.4541479499999999,33.22768025698344,66.77231974301655,28.8368,2.91158,6.43976
OK,2016,2833191.0799999996,0.00021641,0.07065857,1.23939528,1.46037719,0.0,0.037,0.000135,0.02540863,0.0,0.0,1.23974669,1.5934443900000002,28.931680284543894,65.32286481962736,29.27248,3.04272,6.94811
OK,2020,14766526.530000001,0.12267424999999998,0.09870223,10.566799429999998,3.78543079,0.00025,0.0,0.0032374500000000002,0.0228125,0.16661988,0.0,0.87517198,0.35451208,32.28617433598663,65.37327184806296,29.27354,3.07819,7.21798
OR,2012,5574452.609999999,0.13211848999999998,0.18578997000000003,3.1298635300000006,2.0439191599999997,0.0,0.0265,0.0,0.00913596,0.0471255,0.0,3.3091075200000004,2.26534509,54.23932665276901,42.14987117651333,34.43374,0.7755,3.78077
OR,2016,4682698.4399999995,0.05602422,0.5020494999999999,0.61642978,3.0844154799999997,0.0,0.175,0.0008202800000000001,0.19750673000000002,0.0,0.05045245,0.67327428,4.009424160000001,50.07185200286209,39.094035184496754,35.71132,0.87084,4.3176
OR,2020,5950297.069999999,0.30388292000000006,0.042597160000000016,5.2123694899999995,0.3613955000000001,0.025,0.0,0.005052,0.0,0.0,0.0,0.04676348,0.0,56.453318654048886,40.367246046343354,36.55136,0.9374,4.68861
PA,2012,54304810.83999589,1.0966867200000001,2.3356653,22.395863530000007,26.09252918999998,0.37881343999999995,0.29999489,0.872701190000001,0.4136075000000002,0.2828503400000009,0.13609874,25.02691522000058,29.277895620000013,52.0768577021407,46.68086603367444,106.43666,14.65171,6.58281
PA,2016,142271028.48999658,2.13904616,2.1262139899999997,69.2606127200001,62.29760453999997,1.6125018300000002,0.19113876000000002,0.7281505299999457,1.0988335599999994,2.348322589999982,0.46860381000000007,76.08863383002324,66.18239466,47.85361616456285,48.577885803746014,105.23295,15.091,7.4988
PA,2020,104991297.61999986,1.48279821,1.6713622299999997,66.27680952999997,30.377116699999966,1.7685295999999986,0.2816535,0.8315269299999984,0.8957099,1.2524917199999963,0.1532993,18.150772430000217,16.839167829999994,49.960947286417614,48.7817849306632,104.47062,15.40092,8.14835
PR,2016,2872.16,0.0,0.0,0.00010570999999999999,0.0,0.00266074,0.0,0.00010570999999999999,0.0,0.0,0.0,,,,,,,
PR,2020,288866.47,0.0,0.0,0.28886647,0.0,0.0,0.0,0.0,0.0,0.0,0.0,,,,,,,
RI,2012,1111369.96,0.21913063,0.014899470000000001,0.33536242999999993,0.5249152,0.0,0.017,0.0,4.8349999999999996e-05,1.3880000000000001e-05,0.0,0.5545069399999999,0.5568630199999999,62.687253628407134,35.25786425976905,9.03906,0.78436,0.72279
RI,2016,37490.24000000001,6.303999999999999e-05,0.00841323,0.0,0.02726405,0.0,0.0,0.0,0.00174992,0.0,0.0,0.0,0.0,54.354618744281595,38.94772731196161,8.92309,0.8514,0.79321
RI,2020,155000.0,0.0,0.0,0.0,0.155,0.0,0.0,0.0,0.0,0.0,0.0,0.0,0.155,59.29900868154064,38.6993762381798,8.85518,0.90108,0.83735
SC,2012,25847582.350000005,0.50011399,0.52547707,19.53884918999999,5.2499607600000004,0.0,0.0265,0.0010959099999999999,0.00558543,0.0,0.0,20.040059090000003,5.80752326,44.08803340736147,54.56113125586141,32.24408,13.20933,1.72013
SC,2016,20878685.46999999,1.9016981700000004,0.9134907699999997,8.646639659999996,8.626953960000002,0.049189750000000004,0.0,0.03651686,0.12389024000000001,0.56103573,0.01927033,11.19508017,9.6836053,40.67341978966509,54.939332685695426,33.93188,13.61728,2.03052
SC,2020,72362420.96000002,2.7093610900000007,1.3996591199999995,31.320949169999984,34.17318209999998,0.54207225,0.33303900000000003,0.5556832900000002,0.41090139000000003,0.013996209999999999,0.04779233,3.0217701399999988,1.492868,43.430088142061784,55.11029395674024,35.32048,13.88017,2.28649
SD,2012,1801448.65,0.0,0.038750320000000005,0.56563697,1.16914527,0.0,0.02788,0.0,3.609e-05,0.0,0.0,3.8030823600000003,1.23581168,39.86614075835246,57.88931187554114,7.16757,0.1373,0.89042
SD,2016,5043648.320000001,0.04000676,0.07130596,3.209402359999999,0.9792469299999997,0.0,0.0,0.0,0.0013063399999999998,0.0,0.0,3.24940912,1.05185923,31.737428159948987,61.5307503789588,7.32787,0.17505,0.98279
SD,2020,1223090.76,0.0,0.0,1.1602957600000001,0.057795,0.0,0.0,0.005,0.0,0.0,0.0,0.3621622,0.057795,35.60525213613529,61.769389672250234,7.4807,0.20332,1.16257
TN,2012,7266710.300000003,0.12384747,0.24637103,2.8284291,4.03705727,0.0,0.03,0.00068497,0.00032046,0.0,0.0,2.95296154,4.313748760000002,39.07581499379519,59.47871471993759,51.14883,10.9653,2.42485
TN,2016,2890393.6399999997,0.05060543000000002,0.04967663,0.87089361,1.8847956300000002,0.0,0.0,0.00139344,0.03215854,0.00077036,0.0001,0.92366284,1.9667308,34.71633279865009,60.722033694214616,52.31842,11.35529,2.78639
TN,2020,59976413.29000004,1.6403965399999998,1.370154110000001,25.114120489999998,28.305712429999986,3.0490341200000013,0.29296626,0.0002,0.06669425999999999,1.826e-05,0.13711682,26.367771089999984,28.082760770000014,37.4514342710237,60.66029416628382,53.54405,11.64461,3.10308
TX,2012,24967874.640000023,0.36257973,0.8470324500000002,15.392208150000002,6.984067179999993,0.18782900000000002,0.28101123,0.10402572999999996,0.55970545,0.12532124,0.12409448000000001,16.17196385,8.79591079000001,41.383358283760856,57.16697746805639,210.28816,32.084,18.47265
TX,2016,19551220.31,0.88054868,0.6355104800000002,11.560251299999988,6.215110189999994,0.008048,0.141855,0.012838559999999999,0.053823949999999995,0.00012692,0.04310723,12.461813459999998,7.089406850000003,43.23525798101196,52.234685579335384,221.72579,35.19315,22.22516
TX,2020,182265020.99999976,3.7750049599999977,4.57425465,108.13533875000053,59.55986433,0.4052865900000009,1.485909319999999,0.19629125000000008,0.7245999300000002,0.6436825,0.5719542200000003,30.77363212999997,23.565222700000007,46.46728534974343,52.044471811096585,228.0613,37.39221,24.5053
UT,2012,6045111.779999999,0.34158367,0.34530090999999996,3.88977081,1.0282695100000003,0.06872875,0.0,0.20335810999999998,0.07363024,0.06703978000000001,0.01693,4.5704811199999975,1.4641306599999997,24.74966582796037,72.7905331026891,26.19813,0.36192,1.9737
UT,2016,2719729.9999999995,0.22764861000000003,0.35555396000000017,1.1669841800000003,0.7713135999999999,0.0,0.09596993999999998,0.0,0.02131615,2.192e-05,0.07010364000000002,1.3946547099999997,1.3142572899999996,27.4587027036582,45.53803593682331,27.7342,0.414,2.27048
UT,2020,15882215.0,0.69965879,0.9801853600000003,10.555148249999995,3.507446660000001,0.0,0.0,0.0,0.09730330999999995,0.0319,0.010572630000000001,1.63581768,1.659614610000001,37.64604858330606,58.129839029919594,29.04132,0.47537,2.54289
VA,2012,55015656.95999843,0.57456164,1.21200587,23.556078500000016,27.853242620000003,0.10480749999999994,0.09690035999999999,0.3039110999999875,0.08485158999999998,1.214727759999998,0.014570020000000005,25.75408649999915,29.261570460000005,51.15645679621864,47.28310289638912,58.23083,16.09515,7.52482
VA,2016,21270682.869999997,0.5054322199999999,0.6358678,11.993019870000001,7.73449239,0.0139421,0.11683774999999999,0.17704317,0.04226784,0.0502979,0.0014818299999999997,12.739735259999994,8.530947610000002,49.72789199301015,44.40669663012711,58.93536,16.62906,8.53664
VA,2020,59837653.239999935,2.0109500999999996,1.1418327599999993,35.52039528,19.474162610000004,0.36288807,0.31326200000000004,0.21698274000000006,0.3941584,0.27629868999999985,0.12672259000000002,16.36656597999999,10.699251870000001,54.10951717780243,43.99550366728214,59.22648,16.96911,9.1596
VT,2012,36287.130000000005,0.0,0.00397102,0.0,0.03225976,0.0,0.0,0.0,2.909e-05,1.363e-05,0.0,0.0,0.0,66.5705503023823,30.97263523672692,5.96853,0.07021,0.22216
VT,2016,491165.54999999993,3.793e-05,0.00506162,0.14063240000000002,0.34403023999999993,0.0,0.0,0.00035056,0.0010528,0.0,0.0,0.0,0.0,56.675987139651575,30.268474055548328,5.90279,0.08051,0.25327
VT,2020,649817.76,0.0,0.007,0.01559,0.0,0.004,0.0,0.03832764,0.0,0.01234442,0.0,0.0,0.007,66.08641693066397,30.67376465593259,5.88102,0.08774,0.27113
WA,2012,24486396.259999998,1.04932505,0.7652020999999999,10.89160797,11.43582533,0.0,0.0485,0.00047785,0.012680229999999999,0.28187772999999994,0.0009000000000000001,12.223288600000002,12.263107659999994,56.16339829967276,41.29462143210913,56.19937,2.70912,10.06209
WA,2016,1582712.530000001,0.04611487,0.0882424,1.0403788499999997,0.21191489999999996,0.00513845,0.0028,0.00253659,0.01104169,0.16956775999999996,0.0049770199999999995,1.2637365200000006,0.3189760100000001,54.30357713757948,38.06997601281809,58.27356,3.02803,11.64612
WA,2020,24454464.540000007,1.4832770699999998,0.41759672999999997,16.04386216,5.671912489999999,0.2983438,0.00018675,0.14569126000000007,0.0031300000000000004,0.39046427999999994,0.0,15.097411399999991,3.402090469999999,57.97030113530307,38.76697774334327,59.77696,3.31924,13.05273
WI,2012,55579861.4199988,1.5677269300000003,0.8399218500000002,29.35187315999998,20.954233990000002,0.32567003999999783,0.15595298,0.5816692200000046,0.015087999999999997,1.770899069999988,0.016826180000000003,33.59783841999979,21.98202299999999,52.77616253515459,45.938346713619765,50.42978,3.74115,3.02867
WI,2016,33569495.78999999,0.81108441,1.3404070799999994,11.646239869999999,18.581717350000005,0.41502023000000005,0.070175,0.05762617000000001,0.29400139999999997,0.14842328000000002,0.13080099999999997,13.078393960000001,20.417101829999993,46.43607853205558,47.196121452284515,50.45904,3.84254,3.4247
WI,2020,37396835.83,0.5529490599999998,0.8459850899999999,17.143248949999997,17.744024569999993,0.05527895000000004,0.27927666,0.20626648999999997,0.23813520000000005,0.19615638999999996,0.13551447,9.300730349999997,14.134202289999996,49.45401643500603,48.8290300823206,50.67781,3.90543,3.6411
WV,2012,14880408.939999998,0.17156005000000002,0.18740721999999996,6.3453955099999995,8.058447329999996,0.0,0.07721026,0.0013884800000000003,0.00869553,0.0,0.03030456,6.518344040000001,8.362064900000004,35.53919813853589,62.295656583736054,17.45665,0.64828,0.46379
WV,2016,12986454.660000002,0.10664786,0.20964440999999995,6.2803542100000005,6.249936280000004,0.0,0.12209566999999999,0.0,0.016348380000000003,2.192e-05,0.00140593,6.387023990000002,6.5994306699999905,26.47692801777152,68.63057481161937,17.14557,0.65227,0.51239
WV,2020,38998170.43999998,0.9722108599999999,0.40935569999999993,20.500467389999997,15.692066619999997,0.0,0.059133000000000005,0.0,0.026331139999999992,0.0,0.00985,21.376200750000006,16.185430699999998,29.696521244519612,68.63155192461606,16.75122,0.6461,0.52415
WY,2012,65402.59000000001,0.0,0.0034697499999999997,0.0,0.06190766,0.0,0.0,0.0,2.518e-05,0.0,0.0,0.0,0.0,27.818887742360307,68.64262168705659,5.37181,0.07671,0.31453
WY,2016,266716.74,3.2829999999999996e-05,0.008297669999999995,0.23903,0.018444810000000002,0.0,0.0,0.0,0.00091143,0.0,0.0,0.23906282999999998,0.0,21.877357347497938,68.17263307654125,5.42675,0.07326,0.34214
WY,2020,1016250.2100000001,0.00141487,0.4985867899999999,0.0772,0.28095150999999996,0.0,0.0,0.00164723,0.15644981,0.0,0.0,0.07801487,0.0,26.553574332014524,69.9362274854118,5.35371,0.07467,0.35921
